embed_modality,fmri_modality,layer,condition,n_subjects,mean_normalized_r,sem,mean_r,p_value,q_value
text,image,0,text_to_image,8,0.03537343121409492,0.010477264445314275,0.02527679747364489,9.999000099990002e-05,0.00012901935612890324
text,image,1,text_to_image,8,0.03795219501174809,0.011578463247532724,0.026992071471695762,9.999000099990002e-05,0.00012901935612890324
text,image,2,text_to_image,8,0.04066632158929205,0.010166140797788421,0.02852791107690335,9.999000099990002e-05,0.00012901935612890324
text,image,3,text_to_image,8,0.039741958313987816,0.010469215503699609,0.028010883597967422,9.999000099990002e-05,0.00012901935612890324
text,image,4,text_to_image,8,0.04278809388881754,0.011560482089602149,0.030229914498011164,9.999000099990002e-05,0.00012901935612890324
text,image,5,text_to_image,8,0.04166760099743081,0.011115215549464118,0.029353390888083537,9.999000099990002e-05,0.00012901935612890324
text,image,6,text_to_image,8,0.043358366546074584,0.011096022333564496,0.030682377410728726,9.999000099990002e-05,0.00012901935612890324
text,image,7,text_to_image,8,0.04205741716958375,0.010347489456779931,0.03002818775449985,9.999000099990002e-05,0.00012901935612890324
text,image,8,text_to_image,8,0.043944149936778164,0.011556807791410204,0.031134977488560915,9.999000099990002e-05,0.00012901935612890324
text,image,9,text_to_image,8,0.04660042604369495,0.011928312864921587,0.03307046440863488,9.999000099990002e-05,0.00012901935612890324
text,image,10,text_to_image,8,0.045307397887466336,0.012326644032025654,0.03226456408577285,9.999000099990002e-05,0.00012901935612890324
text,image,11,text_to_image,8,0.04375555544673544,0.012305585740456072,0.03142653376162916,9.999000099990002e-05,0.00012901935612890324
text,image,12,text_to_image,8,0.045967596964869795,0.012572372750473501,0.03276580869515864,9.999000099990002e-05,0.00012901935612890324
text,image,13,text_to_image,8,0.043973166887775576,0.012022465656668924,0.03135462121676076,9.999000099990002e-05,0.00012901935612890324
text,image,14,text_to_image,8,0.04286072386383427,0.011175882825166985,0.03048266271040829,9.999000099990002e-05,0.00012901935612890324
text,image,15,text_to_image,8,0.040219423621112,0.010923935565299641,0.028687105125173112,9.999000099990002e-05,0.00012901935612890324
text,image,16,text_to_image,8,0.039808738168245844,0.010266457156919484,0.02838333773065705,9.999000099990002e-05,0.00012901935612890324
text,image,17,text_to_image,8,0.040939698533010466,0.010542566283499578,0.029180460948287315,9.999000099990002e-05,0.00012901935612890324
text,image,18,text_to_image,8,0.0405704041801775,0.00954600530252311,0.0287067330953644,9.999000099990002e-05,0.00012901935612890324
text,image,19,text_to_image,8,0.04084768918347465,0.009886408621738072,0.028947777773104137,9.999000099990002e-05,0.00012901935612890324
text,image,20,text_to_image,8,0.04260181217755025,0.010443638057047152,0.03006983822832211,9.999000099990002e-05,0.00012901935612890324
text,image,21,text_to_image,8,0.04165809940857024,0.010275116471087371,0.029476906917925174,9.999000099990002e-05,0.00012901935612890324
text,image,22,text_to_image,8,0.039334367531683026,0.010613961581310696,0.027968932997554513,9.999000099990002e-05,0.00012901935612890324
text,image,23,text_to_image,8,0.041189081437175125,0.010993136127787939,0.029089052704666187,9.999000099990002e-05,0.00012901935612890324
text,image,24,text_to_image,8,0.04176208749841032,0.0110227054849543,0.029498441381037462,9.999000099990002e-05,0.00012901935612890324
text,image,25,text_to_image,8,0.0440658126737016,0.011378597046602087,0.03107400810965305,9.999000099990002e-05,0.00012901935612890324
text,image,26,text_to_image,8,0.043812515165609786,0.011416126711056494,0.030784346297644684,9.999000099990002e-05,0.00012901935612890324
text,image,27,text_to_image,8,0.04497162721146306,0.01102963405276359,0.031659544909894116,9.999000099990002e-05,0.00012901935612890324
text,image,28,text_to_image,8,0.044424901247533996,0.011232282978333313,0.03131292996212243,9.999000099990002e-05,0.00012901935612890324
text,image,29,text_to_image,8,0.04525220165437613,0.011250508565225508,0.03187101134159019,9.999000099990002e-05,0.00012901935612890324
text,image,30,text_to_image,8,0.04339539886478995,0.011235885297241835,0.03062941641119444,9.999000099990002e-05,0.00012901935612890324
text,image,31,text_to_image,8,0.04254128259221067,0.010896678818196047,0.029996300195858465,9.999000099990002e-05,0.00012901935612890324
text,image,32,text_to_image,8,0.0439360243219242,0.01116666820938444,0.031113674977336612,9.999000099990002e-05,0.00012901935612890324
text,text,0,text_to_text,8,0.013950661053950524,0.008081276141124806,0.01014215685519675,9.999000099990002e-05,0.00012901935612890324
text,text,1,text_to_text,8,0.021633650781380964,0.006732813297373515,0.015328008353014838,9.999000099990002e-05,0.00012901935612890324
text,text,2,text_to_text,8,0.02683787085822651,0.009607638460939679,0.019074714459044,9.999000099990002e-05,0.00012901935612890324
text,text,3,text_to_text,8,0.03010085248190011,0.008854393659278936,0.021569471149784976,9.999000099990002e-05,0.00012901935612890324
text,text,4,text_to_text,8,0.029189255562861,0.008462339715845483,0.0207598971241744,9.999000099990002e-05,0.00012901935612890324
text,text,5,text_to_text,8,0.032199547559508386,0.00903603188622955,0.02277301279822995,9.999000099990002e-05,0.00012901935612890324
text,text,6,text_to_text,8,0.030120703314127396,0.008531636886798678,0.021359492470312602,9.999000099990002e-05,0.00012901935612890324
text,text,7,text_to_text,8,0.0322613447210044,0.00859722993942711,0.022877431670491763,9.999000099990002e-05,0.00012901935612890324
text,text,8,text_to_text,8,0.030782387705632176,0.009014634106500337,0.02194450208310459,9.999000099990002e-05,0.00012901935612890324
text,text,9,text_to_text,8,0.031014239664467785,0.008960570913021857,0.02206093477019154,9.999000099990002e-05,0.00012901935612890324
text,text,10,text_to_text,8,0.03155554548595694,0.008879850920955229,0.022400411676175336,9.999000099990002e-05,0.00012901935612890324
text,text,11,text_to_text,8,0.03047297585999616,0.00885357901708324,0.021493396672688063,9.999000099990002e-05,0.00012901935612890324
text,text,12,text_to_text,8,0.03194083928922893,0.009016624279273038,0.022424450152978465,9.999000099990002e-05,0.00012901935612890324
text,text,13,text_to_text,8,0.031312563131242616,0.008894072800127918,0.022160202756781648,9.999000099990002e-05,0.00012901935612890324
text,text,14,text_to_text,8,0.03240993591898892,0.008953699539710694,0.02282317383365195,9.999000099990002e-05,0.00012901935612890324
text,text,15,text_to_text,8,0.03214238186354028,0.008883806297160282,0.02267271661034799,9.999000099990002e-05,0.00012901935612890324
text,text,16,text_to_text,8,0.03105426742122804,0.008697009810554318,0.021841751928006352,9.999000099990002e-05,0.00012901935612890324
text,text,17,text_to_text,8,0.028385785657857175,0.008650695521526799,0.019963487333430525,9.999000099990002e-05,0.00012901935612890324
text,text,18,text_to_text,8,0.02929851226231031,0.0083340485956896,0.020637194613624774,9.999000099990002e-05,0.00012901935612890324
text,text,19,text_to_text,8,0.028498896469935236,0.007236914804432405,0.019936376913614925,9.999000099990002e-05,0.00012901935612890324
text,text,20,text_to_text,8,0.024232907148200276,0.007696328423454266,0.017237290383000464,9.999000099990002e-05,0.00012901935612890324
text,text,21,text_to_text,8,0.025168861734793564,0.007755929529774515,0.01785089220959374,9.999000099990002e-05,0.00012901935612890324
text,text,22,text_to_text,8,0.025108135229079714,0.007650037420463858,0.017876063330334212,9.999000099990002e-05,0.00012901935612890324
text,text,23,text_to_text,8,0.026247875546026277,0.007408404238173665,0.018574212182684825,9.999000099990002e-05,0.00012901935612890324
text,text,24,text_to_text,8,0.02240443833905095,0.0075453643092070885,0.016111461934985187,9.999000099990002e-05,0.00012901935612890324
text,text,25,text_to_text,8,0.022267704019692074,0.0073917788892145925,0.016027528495483265,9.999000099990002e-05,0.00012901935612890324
text,text,26,text_to_text,8,0.023820358113045247,0.007398219902376504,0.017092584570481236,9.999000099990002e-05,0.00012901935612890324
text,text,27,text_to_text,8,0.023657464395802602,0.00754704918924625,0.01702541625219256,9.999000099990002e-05,0.00012901935612890324
text,text,28,text_to_text,8,0.02329505621645501,0.007488378552210727,0.01669098492915097,9.999000099990002e-05,0.00012901935612890324
text,text,29,text_to_text,8,0.018754762482503375,0.00711286098349333,0.013634923108174088,9.999000099990002e-05,0.00012901935612890324
text,text,30,text_to_text,8,0.020370721810242576,0.007470048854980691,0.014732352490065628,9.999000099990002e-05,0.00012901935612890324
text,text,31,text_to_text,8,0.0197531650593952,0.007156904139658065,0.014321489977366838,9.999000099990002e-05,0.00012901935612890324
text,text,32,text_to_text,8,0.017896164877893125,0.007031498843719649,0.0129246703526741,9.999000099990002e-05,0.00012901935612890324
vision,image,0,image_to_image,8,0.032912719048763084,0.006665783010716328,0.02334493850471795,9.999000099990002e-05,0.00012901935612890324
vision,image,1,image_to_image,8,0.04093622956696916,0.0077053000497211985,0.028622588149325938,9.999000099990002e-05,0.00012901935612890324
vision,image,2,image_to_image,8,0.0453234184865023,0.009181417200658399,0.03184799236194647,9.999000099990002e-05,0.00012901935612890324
vision,image,3,image_to_image,8,0.050746510617993346,0.008719496555751789,0.03560044091896231,9.999000099990002e-05,0.00012901935612890324
vision,image,4,image_to_image,8,0.055866530587890526,0.009667328765862883,0.039467924388221345,9.999000099990002e-05,0.00012901935612890324
vision,image,5,image_to_image,8,0.0596366757809345,0.010947604975184584,0.042222414053074614,9.999000099990002e-05,0.00012901935612890324
vision,image,6,image_to_image,8,0.06613554599233286,0.013030289496195724,0.047095536269248964,9.999000099990002e-05,0.00012901935612890324
vision,image,7,image_to_image,8,0.07127135467670292,0.01408078969166323,0.050633673499573956,9.999000099990002e-05,0.00012901935612890324
vision,image,8,image_to_image,8,0.07294672605413208,0.014394551981169061,0.05172443436215567,9.999000099990002e-05,0.00012901935612890324
vision,image,9,image_to_image,8,0.07572537120152548,0.013948758172526658,0.0537094121995136,9.999000099990002e-05,0.00012901935612890324
vision,image,10,image_to_image,8,0.08182048083783759,0.014031191618671947,0.057775934169003645,9.999000099990002e-05,0.00012901935612890324
vision,image,11,image_to_image,8,0.08275124741333191,0.01510539844811638,0.058666491558281825,9.999000099990002e-05,0.00012901935612890324
vision,image,12,image_to_image,8,0.08245318809952534,0.015391360115507883,0.058527322446602074,9.999000099990002e-05,0.00012901935612890324
vision,image,13,image_to_image,8,0.08558757497496614,0.016075386071835302,0.060652094004854946,9.999000099990002e-05,0.00012901935612890324
vision,image,14,image_to_image,8,0.08472627633605992,0.01578393104768608,0.060064927668645476,9.999000099990002e-05,0.00012901935612890324
vision,image,15,image_to_image,8,0.08413690434523527,0.01620575396794499,0.05976945799943691,9.999000099990002e-05,0.00012901935612890324
vision,image,16,image_to_image,8,0.08461678601362725,0.016327353748675992,0.06000819462569969,9.999000099990002e-05,0.00012901935612890324
vision,image,17,image_to_image,8,0.08704150586880377,0.01721083301051509,0.061698700876424914,9.999000099990002e-05,0.00012901935612890324
vision,image,18,image_to_image,8,0.0874770325185818,0.017633354438939784,0.06193386325520151,9.999000099990002e-05,0.00012901935612890324
vision,image,19,image_to_image,8,0.08675630236726595,0.0184052255156177,0.061523069508167966,9.999000099990002e-05,0.00012901935612890324
vision,image,20,image_to_image,8,0.08769744728119294,0.018244284742224337,0.06192443680789443,9.999000099990002e-05,0.00012901935612890324
vision,image,21,image_to_image,8,0.08625459792782902,0.01941512250319541,0.060940766941891565,9.999000099990002e-05,0.00012901935612890324
vision,image,22,image_to_image,8,0.0838534958199976,0.01872882711779555,0.059346519538475605,9.999000099990002e-05,0.00012901935612890324
vision,image,23,image_to_image,8,0.08256976353041663,0.01962981834735315,0.058605370743509896,9.999000099990002e-05,0.00012901935612890324
vision,image,24,image_to_image,8,0.08174358276364557,0.018095319092552808,0.057853046889407074,9.999000099990002e-05,0.00012901935612890324
vision,image,25,image_to_image,8,0.08040746016748147,0.018013917569724192,0.05698921150919235,9.999000099990002e-05,0.00012901935612890324
vision,image,26,image_to_image,8,0.08269270735556708,0.016750216197265008,0.058600259310500086,9.999000099990002e-05,0.00012901935612890324
vision,text,0,image_to_text,8,0.0029696158994574123,0.002484716573379715,0.001769760147839275,0.22497750224977503,0.23681842342081583
vision,text,1,image_to_text,8,0.004184018923679838,0.0026899610761363015,0.002603774512172925,0.12498750124987501,0.13512162297283786
vision,text,2,image_to_text,8,0.002556712400860446,0.0035704820095833643,0.0015391180598393391,0.25917408259174085,0.26811111992249054
vision,text,3,image_to_text,8,0.002140474734973665,0.0025781465955148574,0.0013406796883436,0.28857114288571145,0.29099611047298635
vision,text,4,image_to_text,8,0.0024951826436532504,0.0029360346341071025,0.0014175194619949374,0.26587341265873415,0.2726906796499837
vision,text,5,image_to_text,8,0.0009684396714887498,0.004336984671090973,0.0005779988436912127,0.4016598340165983,0.4016598340165983
vision,text,6,image_to_text,8,0.0018267931219218996,0.003905045707826523,0.0013794220785302998,0.2826717328267173,0.28746277914581425
vision,text,7,image_to_text,8,0.0031386701198102378,0.003063299894756319,0.0023008679225975247,0.1643835616438356,0.17612524461839532
vision,text,8,image_to_text,8,0.00674521642930405,0.002230008801937002,0.0045326709890294685,0.028897110288971104,0.03366653625899546
vision,text,9,image_to_text,8,0.005665566873430351,0.002733130985003092,0.003974639359064513,0.047995200479952004,0.05485165769137372
vision,text,10,image_to_text,8,0.009662659134584951,0.003446467748848316,0.006548798484339813,0.0040995900409959,0.0051784295254685055
vision,text,11,image_to_text,8,0.008324541205742088,0.0026768309581682633,0.0057959292033509,0.009599040095990401,0.011753926648151511
vision,text,12,image_to_text,8,0.009582694629257139,0.0020751192238288555,0.00648821720853235,0.0044995500449955,0.005624437556244376
vision,text,13,image_to_text,8,0.007249483142257451,0.0028769845288684594,0.005008608151229295,0.022297770222977704,0.026232670850562006
vision,text,14,image_to_text,8,0.008046975782732125,0.0035904214733041982,0.005335759805938799,0.014898510148985102,0.017878212178782122
vision,text,15,image_to_text,8,0.009787286644308274,0.004526107406687066,0.006492342557717438,0.005499450054994501,0.006803443367003506
vision,text,16,image_to_text,8,0.010716910682860736,0.0037591282341398547,0.0071360783761996996,0.001999800019998,0.002552936195742128
vision,text,17,image_to_text,8,0.006201286743727462,0.0035936346464729785,0.004160053383571738,0.044795520447955206,0.051687138978409854
vision,text,18,image_to_text,8,0.00578193321883015,0.0038064444344848938,0.004054917743625467,0.054594540545945404,0.06180514024069291
vision,text,19,image_to_text,8,0.008036332486282775,0.003473473024769129,0.00532121668917895,0.017698230176982303,0.021027600210276002
vision,text,20,image_to_text,8,0.007974949243154637,0.0038682338192478133,0.005234904265773687,0.014698530146985302,0.017816400178164004
vision,text,21,image_to_text,8,0.0031802272022786876,0.003777319913533407,0.0018183875923359748,0.24897510248975102,0.25980010694582717
vision,text,22,image_to_text,8,0.004657003904913112,0.0037198681639187816,0.00293917517742115,0.12478752124787522,0.13512162297283786
vision,text,23,image_to_text,8,0.004757925351411362,0.004560662065309559,0.0032254102527063495,0.11148885111488852,0.12387650123876501
vision,text,24,image_to_text,8,0.0043853166576056255,0.005149231198478707,0.0030893116196627256,0.12108789121087891,0.13330777014041717
vision,text,25,image_to_text,8,0.005267955150067075,0.004037876486555813,0.0035275819502147377,0.09249075092490751,0.10372794496251309
vision,text,26,image_to_text,8,0.0035798946679578875,0.003778697380894429,0.0024186881591588623,0.1710828917108289,0.18168094694955284
